{"CT": [{"x": -734.057617, "y": -1699.026367, "z": 149.883362}], "T": []}
