{"CT": [{"x": -1096.661377, "y": -600.859375, "z": 129.450272}], "T": []}
