{"CT": [{"x": 2299.319824, "y": 694.258972, "z": 156.0}], "T": [{"x": 2299.319824, "y": 320.397766, "z": 130.0}]}
