{"CT": [{"x": -519.48938, "y": -316.978455, "z": 63.328804}], "T": [{"x": -519.48938, "y": -690.839661, "z": 36.0}]}
