{"CT": [{"x": -1671.429688, "y": 429.491638, "z": 3.457928}], "T": [{"x": -1671.429688, "y": 55.630432, "z": 3.457928}]}
